{
    "os": "Linux-5.11.0-37-generic-x86_64-with-glibc2.17",
    "python": "3.8.11",
    "heartbeatAt": "2021-10-13T16:56:45.090215",
    "startedAt": "2021-10-13T16:56:42.851422",
    "docker": null,
    "gpu": "GeForce RTX 3060",
    "gpu_count": 1,
    "cpu_count": 6,
    "cuda": null,
    "args": [
        "-f",
        "/home/indika/.local/share/jupyter/runtime/kernel-0e55114c-7fc2-4059-b948-42fe12ddce59.json"
    ],
    "state": "running",
    "program": "<python with no main file>",
    "host": "programmer-rd-ai",
    "username": "indika",
    "executable": "/home/indika/anaconda3/envs/myenv/bin/python"
}
